"OU","ObjectClass","IdentityReference","PrincipalName","ActiveDirectoryRights","InheritanceType","ObjectType","InheritedObjectType","ObjectFlags","AccessControlType","IsInherited","InheritanceFlags","PropagationFlags","SDDate","InvocationID","OrgUSN","LegendText"
"DC=DomainDnsZones,<ROOT-DN>","","S-1-1-0","Everyone","ReadProperty","None","00000000-0000-0000-0000-000000000000","00000000-0000-0000-0000-000000000000","None","Allow","False","None","None","","","",""
"DC=DomainDnsZones,<ROOT-DN>","","<DOMAINSID>-516","<DOMAIN-NETBIOS>\Domain Controllers","GenericRead","None","00000000-0000-0000-0000-000000000000","00000000-0000-0000-0000-000000000000","None","Allow","False","None","None","","","",""
"DC=DomainDnsZones,<ROOT-DN>","","S-1-5-11","NT AUTHORITY\Authenticated Users","GenericRead","None","00000000-0000-0000-0000-000000000000","00000000-0000-0000-0000-000000000000","None","Allow","False","None","None","","","",""
"DC=DomainDnsZones,<ROOT-DN>","","S-1-5-18","NT AUTHORITY\SYSTEM","GenericAll","None","00000000-0000-0000-0000-000000000000","00000000-0000-0000-0000-000000000000","None","Allow","False","None","None","","","",""
"DC=DomainDnsZones,<ROOT-DN>","","S-1-5-32-544","BUILTIN\Administrators","CreateChild, Self, WriteProperty, ExtendedRight, Delete, GenericRead, WriteDacl, WriteOwner","All","00000000-0000-0000-0000-000000000000","00000000-0000-0000-0000-000000000000","None","Allow","False","ContainerInherit","None","","","",""
"DC=DomainDnsZones,<ROOT-DN>",,"S-1-5-32-554",,"ListChildren","All","00000000-0000-0000-0000-000000000000","00000000-0000-0000-0000-000000000000","None","Allow","False","ContainerInherit","None","","","",""
"DC=DomainDnsZones,<ROOT-DN>",,"S-1-5-32-554",,"ReadProperty, ReadControl","None","00000000-0000-0000-0000-000000000000","00000000-0000-0000-0000-000000000000","None","Allow","False","None","None","","","",""
"DC=DomainDnsZones,<ROOT-DN>","","<DOMAINSID>-512","<DOMAIN-NETBIOS>\Domain Admins","CreateChild, Self, WriteProperty, ExtendedRight, GenericRead, WriteDacl, WriteOwner","None","00000000-0000-0000-0000-000000000000","00000000-0000-0000-0000-000000000000","None","Allow","False","None","None","","","",""
"DC=DomainDnsZones,<ROOT-DN>","","<ROOTDOMAINSID>-519","<ROOT-NETBIOS>\Enterprise Admins","GenericAll","All","00000000-0000-0000-0000-000000000000","00000000-0000-0000-0000-000000000000","None","Allow","False","ContainerInherit","None","","","",""
"DC=DomainDnsZones,<ROOT-DN>","","<DOMAINSID>-516","<DOMAIN-NETBIOS>\Domain Controllers","ExtendedRight","None","1131f6ac-9c07-11d1-f79f-00c04fc2dcd2","00000000-0000-0000-0000-000000000000","ObjectAceTypePresent","Allow","False","None","None","","","",""
"DC=DomainDnsZones,<ROOT-DN>","","<DOMAINSID>-516","<DOMAIN-NETBIOS>\Domain Controllers","ExtendedRight","None","1131f6ab-9c07-11d1-f79f-00c04fc2dcd2","00000000-0000-0000-0000-000000000000","ObjectAceTypePresent","Allow","False","None","None","","","",""
"DC=DomainDnsZones,<ROOT-DN>","","<DOMAINSID>-516","<DOMAIN-NETBIOS>\Domain Controllers","ExtendedRight","None","1131f6aa-9c07-11d1-f79f-00c04fc2dcd2","00000000-0000-0000-0000-000000000000","ObjectAceTypePresent","Allow","False","None","None","","","",""
"DC=DomainDnsZones,<ROOT-DN>","","<DOMAINSID>-516","<DOMAIN-NETBIOS>\Domain Controllers","ExtendedRight","All","1131f6ad-9c07-11d1-f79f-00c04fc2dcd2","00000000-0000-0000-0000-000000000000","ObjectAceTypePresent","Allow","False","ContainerInherit","None","","","",""
"DC=DomainDnsZones,<ROOT-DN>","","<DOMAINSID>-516","<DOMAIN-NETBIOS>\Domain Controllers","ReadProperty","Descendents","b7c69e6d-2cc7-11d2-854e-00a0c983f608","bf967aba-0de6-11d0-a285-00aa003049e2","ObjectAceTypePresent, InheritedObjectAceTypePresent","Allow","False","ContainerInherit","InheritOnly","","","",""
"DC=DomainDnsZones,<ROOT-DN>","","<DOMAINSID>-516","<DOMAIN-NETBIOS>\Domain Controllers","ReadProperty","Descendents","b7c69e6d-2cc7-11d2-854e-00a0c983f608","bf967a9c-0de6-11d0-a285-00aa003049e2","ObjectAceTypePresent, InheritedObjectAceTypePresent","Allow","False","ContainerInherit","InheritOnly","","","",""
"DC=DomainDnsZones,<ROOT-DN>","","<DOMAINSID>-516","<DOMAIN-NETBIOS>\Domain Controllers","ReadProperty","Descendents","b7c69e6d-2cc7-11d2-854e-00a0c983f608","bf967a86-0de6-11d0-a285-00aa003049e2","ObjectAceTypePresent, InheritedObjectAceTypePresent","Allow","False","ContainerInherit","InheritOnly","","","",""
"DC=DomainDnsZones,<ROOT-DN>","","S-1-5-11","NT AUTHORITY\Authenticated Users","ExtendedRight","None","280f369c-67c7-438e-ae98-1d46f3c6f541","00000000-0000-0000-0000-000000000000","ObjectAceTypePresent","Allow","False","None","None","","","",""
"DC=DomainDnsZones,<ROOT-DN>","","S-1-5-11","NT AUTHORITY\Authenticated Users","ExtendedRight","None","ccc2dc7d-a6ad-4a7a-8846-c04e3cc53501","00000000-0000-0000-0000-000000000000","ObjectAceTypePresent","Allow","False","None","None","","","",""
"DC=DomainDnsZones,<ROOT-DN>","","S-1-5-11","NT AUTHORITY\Authenticated Users","ExtendedRight","None","05c74c5e-4deb-43b4-bd9f-86664c2a7fd5","00000000-0000-0000-0000-000000000000","ObjectAceTypePresent","Allow","False","None","None","","","",""
"DC=DomainDnsZones,<ROOT-DN>","","S-1-5-11","NT AUTHORITY\Authenticated Users","ReadProperty","None","b8119fd0-04f6-4762-ab7a-4986c76b3f9a","00000000-0000-0000-0000-000000000000","ObjectAceTypePresent","Allow","False","None","None","","","",""
"DC=DomainDnsZones,<ROOT-DN>","","S-1-5-32-544","BUILTIN\Administrators","ExtendedRight","None","1131f6ab-9c07-11d1-f79f-00c04fc2dcd2","00000000-0000-0000-0000-000000000000","ObjectAceTypePresent","Allow","False","None","None","","","",""
"DC=DomainDnsZones,<ROOT-DN>","","S-1-5-32-544","BUILTIN\Administrators","ExtendedRight","None","1131f6ac-9c07-11d1-f79f-00c04fc2dcd2","00000000-0000-0000-0000-000000000000","ObjectAceTypePresent","Allow","False","None","None","","","",""
"DC=DomainDnsZones,<ROOT-DN>","","S-1-5-32-544","BUILTIN\Administrators","ExtendedRight","None","1131f6aa-9c07-11d1-f79f-00c04fc2dcd2","00000000-0000-0000-0000-000000000000","ObjectAceTypePresent","Allow","False","None","None","","","",""
"DC=DomainDnsZones,<ROOT-DN>","","S-1-5-32-544","BUILTIN\Administrators","ExtendedRight","None","1131f6ad-9c07-11d1-f79f-00c04fc2dcd2","00000000-0000-0000-0000-000000000000","ObjectAceTypePresent","Allow","False","None","None","","","",""
"DC=DomainDnsZones,<ROOT-DN>",,"S-1-5-32-554",,"ReadProperty","Descendents","59ba2f42-79a2-11d0-9020-00c04fc2d3cf","4828cc14-1437-45bc-9b07-ad6f015e5f28","ObjectAceTypePresent, InheritedObjectAceTypePresent","Allow","False","ContainerInherit","InheritOnly","","","",""
"DC=DomainDnsZones,<ROOT-DN>",,"S-1-5-32-554",,"ReadProperty","Descendents","bc0ac240-79a9-11d0-9020-00c04fc2d4cf","4828cc14-1437-45bc-9b07-ad6f015e5f28","ObjectAceTypePresent, InheritedObjectAceTypePresent","Allow","False","ContainerInherit","InheritOnly","","","",""
"DC=DomainDnsZones,<ROOT-DN>",,"S-1-5-32-554",,"ReadProperty","Descendents","4c164200-20c0-11d0-a768-00aa006e0529","4828cc14-1437-45bc-9b07-ad6f015e5f28","ObjectAceTypePresent, InheritedObjectAceTypePresent","Allow","False","ContainerInherit","InheritOnly","","","",""
"DC=DomainDnsZones,<ROOT-DN>",,"S-1-5-32-554",,"ReadProperty","Descendents","5f202010-79a5-11d0-9020-00c04fc2d4cf","4828cc14-1437-45bc-9b07-ad6f015e5f28","ObjectAceTypePresent, InheritedObjectAceTypePresent","Allow","False","ContainerInherit","InheritOnly","","","",""
"DC=DomainDnsZones,<ROOT-DN>",,"S-1-5-32-554",,"GenericRead","Descendents","00000000-0000-0000-0000-000000000000","4828cc14-1437-45bc-9b07-ad6f015e5f28","InheritedObjectAceTypePresent","Allow","False","ContainerInherit","InheritOnly","","","",""
"DC=DomainDnsZones,<ROOT-DN>",,"S-1-5-32-554",,"ReadProperty","None","b8119fd0-04f6-4762-ab7a-4986c76b3f9a","00000000-0000-0000-0000-000000000000","ObjectAceTypePresent","Allow","False","None","None","","","",""
"DC=DomainDnsZones,<ROOT-DN>",,"S-1-5-32-554",,"GenericRead","Descendents","00000000-0000-0000-0000-000000000000","bf967aba-0de6-11d0-a285-00aa003049e2","InheritedObjectAceTypePresent","Allow","False","ContainerInherit","InheritOnly","","","",""
"DC=DomainDnsZones,<ROOT-DN>",,"S-1-5-32-554",,"GenericRead","Descendents","00000000-0000-0000-0000-000000000000","bf967a9c-0de6-11d0-a285-00aa003049e2","InheritedObjectAceTypePresent","Allow","False","ContainerInherit","InheritOnly","","","",""
"DC=DomainDnsZones,<ROOT-DN>",,"S-1-5-32-554",,"ReadProperty","None","c7407360-20bf-11d0-a768-00aa006e0529","00000000-0000-0000-0000-000000000000","ObjectAceTypePresent","Allow","False","None","None","","","",""
"DC=DomainDnsZones,<ROOT-DN>",,"S-1-5-32-554",,"ReadProperty","Descendents","5f202010-79a5-11d0-9020-00c04fc2d4cf","bf967aba-0de6-11d0-a285-00aa003049e2","ObjectAceTypePresent, InheritedObjectAceTypePresent","Allow","False","ContainerInherit","InheritOnly","","","",""
"DC=DomainDnsZones,<ROOT-DN>",,"S-1-5-32-554",,"ReadProperty","Descendents","037088f8-0ae1-11d2-b422-00a0c968f939","4828cc14-1437-45bc-9b07-ad6f015e5f28","ObjectAceTypePresent, InheritedObjectAceTypePresent","Allow","False","ContainerInherit","InheritOnly","","","",""
"DC=DomainDnsZones,<ROOT-DN>",,"S-1-5-32-554",,"ReadProperty","Descendents","037088f8-0ae1-11d2-b422-00a0c968f939","bf967aba-0de6-11d0-a285-00aa003049e2","ObjectAceTypePresent, InheritedObjectAceTypePresent","Allow","False","ContainerInherit","InheritOnly","","","",""
"DC=DomainDnsZones,<ROOT-DN>",,"S-1-5-32-554",,"ReadProperty","Descendents","4c164200-20c0-11d0-a768-00aa006e0529","bf967aba-0de6-11d0-a285-00aa003049e2","ObjectAceTypePresent, InheritedObjectAceTypePresent","Allow","False","ContainerInherit","InheritOnly","","","",""
"DC=DomainDnsZones,<ROOT-DN>",,"S-1-5-32-554",,"ReadProperty","Descendents","bc0ac240-79a9-11d0-9020-00c04fc2d4cf","bf967aba-0de6-11d0-a285-00aa003049e2","ObjectAceTypePresent, InheritedObjectAceTypePresent","Allow","False","ContainerInherit","InheritOnly","","","",""
"DC=DomainDnsZones,<ROOT-DN>",,"S-1-5-32-554",,"ReadProperty","Descendents","59ba2f42-79a2-11d0-9020-00c04fc2d3cf","bf967aba-0de6-11d0-a285-00aa003049e2","ObjectAceTypePresent, InheritedObjectAceTypePresent","Allow","False","ContainerInherit","InheritOnly","","","",""
"DC=DomainDnsZones,<ROOT-DN>",,"S-1-5-32-557",,"ExtendedRight","None","e2a36dc9-ae17-47c3-b58b-be34c55ba633","00000000-0000-0000-0000-000000000000","ObjectAceTypePresent","Allow","False","None","None","","","",""
"CN=Infrastructure,DC=DomainDnsZones,<ROOT-DN>","","S-1-5-11","NT AUTHORITY\Authenticated Users","GenericRead","None","00000000-0000-0000-0000-000000000000","00000000-0000-0000-0000-000000000000","None","Allow","False","None","None","","","",""
"CN=Infrastructure,DC=DomainDnsZones,<ROOT-DN>","","S-1-5-18","NT AUTHORITY\SYSTEM","GenericAll","None","00000000-0000-0000-0000-000000000000","00000000-0000-0000-0000-000000000000","None","Allow","False","None","None","","","",""
"CN=Infrastructure,DC=DomainDnsZones,<ROOT-DN>","","<DOMAINSID>-512","<DOMAIN-NETBIOS>\Domain Admins","CreateChild, Self, WriteProperty, ExtendedRight, GenericRead, WriteDacl, WriteOwner","None","00000000-0000-0000-0000-000000000000","00000000-0000-0000-0000-000000000000","None","Allow","False","None","None","","","",""
"CN=LostAndFound,DC=DomainDnsZones,<ROOT-DN>","","S-1-5-11","NT AUTHORITY\Authenticated Users","GenericRead","None","00000000-0000-0000-0000-000000000000","00000000-0000-0000-0000-000000000000","None","Allow","False","None","None","","","",""
"CN=LostAndFound,DC=DomainDnsZones,<ROOT-DN>","","S-1-5-18","NT AUTHORITY\SYSTEM","GenericAll","None","00000000-0000-0000-0000-000000000000","00000000-0000-0000-0000-000000000000","None","Allow","False","None","None","","","",""
"CN=LostAndFound,DC=DomainDnsZones,<ROOT-DN>","","<DOMAINSID>-512","<DOMAIN-NETBIOS>\Domain Admins","CreateChild, DeleteChild, Self, WriteProperty, ExtendedRight, GenericRead, WriteDacl, WriteOwner","None","00000000-0000-0000-0000-000000000000","00000000-0000-0000-0000-000000000000","None","Allow","False","None","None","","","",""
"CN=MicrosoftDNS,DC=DomainDnsZones,<ROOT-DN>","","S-1-5-18","NT AUTHORITY\SYSTEM","GenericAll","None","00000000-0000-0000-0000-000000000000","00000000-0000-0000-0000-000000000000","None","Allow","False","None","None","","","",""
"CN=MicrosoftDNS,DC=DomainDnsZones,<ROOT-DN>","","<DOMAINSID>-512","<DOMAIN-NETBIOS>\Domain Admins","GenericAll","None","00000000-0000-0000-0000-000000000000","00000000-0000-0000-0000-000000000000","None","Allow","False","None","None","","","",""
"DC=contoso.com,CN=MicrosoftDNS,DC=DomainDnsZones,<ROOT-DN>","","S-1-1-0","Everyone","GenericRead","None","00000000-0000-0000-0000-000000000000","00000000-0000-0000-0000-000000000000","None","Allow","False","None","None","","","",""
"DC=contoso.com,CN=MicrosoftDNS,DC=DomainDnsZones,<ROOT-DN>","","<DOMAINSID>-516","<DOMAIN-NETBIOS>\Domain Controllers","GenericAll","None","00000000-0000-0000-0000-000000000000","00000000-0000-0000-0000-000000000000","None","Allow","False","None","None","","","",""
"DC=contoso.com,CN=MicrosoftDNS,DC=DomainDnsZones,<ROOT-DN>","","S-1-5-11","NT AUTHORITY\Authenticated Users","CreateChild","None","00000000-0000-0000-0000-000000000000","00000000-0000-0000-0000-000000000000","None","Allow","False","None","None","","","",""
"DC=contoso.com,CN=MicrosoftDNS,DC=DomainDnsZones,<ROOT-DN>","","S-1-5-18","NT AUTHORITY\SYSTEM","GenericAll","None","00000000-0000-0000-0000-000000000000","00000000-0000-0000-0000-000000000000","None","Allow","False","None","None","","","",""
"DC=contoso.com,CN=MicrosoftDNS,DC=DomainDnsZones,<ROOT-DN>","","<DOMAINSID>-512","<DOMAIN-NETBIOS>\Domain Admins","GenericAll","None","00000000-0000-0000-0000-000000000000","00000000-0000-0000-0000-000000000000","None","Allow","False","None","None","","","",""
"DC=@,DC=contoso.com,CN=MicrosoftDNS,DC=DomainDnsZones,<ROOT-DN>","","S-1-1-0","Everyone","GenericRead","None","00000000-0000-0000-0000-000000000000","00000000-0000-0000-0000-000000000000","None","Allow","False","None","None","","","",""
"DC=@,DC=contoso.com,CN=MicrosoftDNS,DC=DomainDnsZones,<ROOT-DN>","","<DOMAINSID>-516","<DOMAIN-NETBIOS>\Domain Controllers","GenericAll","None","00000000-0000-0000-0000-000000000000","00000000-0000-0000-0000-000000000000","None","Allow","False","None","None","","","",""
"DC=@,DC=contoso.com,CN=MicrosoftDNS,DC=DomainDnsZones,<ROOT-DN>","","S-1-5-18","NT AUTHORITY\SYSTEM","GenericAll","None","00000000-0000-0000-0000-000000000000","00000000-0000-0000-0000-000000000000","None","Allow","False","None","None","","","",""
"DC=@,DC=contoso.com,CN=MicrosoftDNS,DC=DomainDnsZones,<ROOT-DN>","","<DOMAINSID>-512","<DOMAIN-NETBIOS>\Domain Admins","GenericAll","None","00000000-0000-0000-0000-000000000000","00000000-0000-0000-0000-000000000000","None","Allow","False","None","None","","","",""
"DC=_gc._tcp,DC=contoso.com,CN=MicrosoftDNS,DC=DomainDnsZones,<ROOT-DN>","","S-1-1-0","Everyone","GenericRead","None","00000000-0000-0000-0000-000000000000","00000000-0000-0000-0000-000000000000","None","Allow","False","None","None","","","",""
"DC=_gc._tcp,DC=contoso.com,CN=MicrosoftDNS,DC=DomainDnsZones,<ROOT-DN>","","<DOMAINSID>-516","<DOMAIN-NETBIOS>\Domain Controllers","GenericAll","None","00000000-0000-0000-0000-000000000000","00000000-0000-0000-0000-000000000000","None","Allow","False","None","None","","","",""
"DC=_gc._tcp,DC=contoso.com,CN=MicrosoftDNS,DC=DomainDnsZones,<ROOT-DN>","","S-1-5-18","NT AUTHORITY\SYSTEM","GenericAll","None","00000000-0000-0000-0000-000000000000","00000000-0000-0000-0000-000000000000","None","Allow","False","None","None","","","",""
"DC=_gc._tcp,DC=contoso.com,CN=MicrosoftDNS,DC=DomainDnsZones,<ROOT-DN>","","<DOMAINSID>-512","<DOMAIN-NETBIOS>\Domain Admins","GenericAll","None","00000000-0000-0000-0000-000000000000","00000000-0000-0000-0000-000000000000","None","Allow","False","None","None","","","",""
"DC=_gc._tcp.Default-First-Site-Name._sites,DC=contoso.com,CN=MicrosoftDNS,DC=DomainDnsZones,<ROOT-DN>","","S-1-1-0","Everyone","GenericRead","None","00000000-0000-0000-0000-000000000000","00000000-0000-0000-0000-000000000000","None","Allow","False","None","None","","","",""
"DC=_gc._tcp.Default-First-Site-Name._sites,DC=contoso.com,CN=MicrosoftDNS,DC=DomainDnsZones,<ROOT-DN>","","<DOMAINSID>-516","<DOMAIN-NETBIOS>\Domain Controllers","GenericAll","None","00000000-0000-0000-0000-000000000000","00000000-0000-0000-0000-000000000000","None","Allow","False","None","None","","","",""
"DC=_gc._tcp.Default-First-Site-Name._sites,DC=contoso.com,CN=MicrosoftDNS,DC=DomainDnsZones,<ROOT-DN>","","S-1-5-18","NT AUTHORITY\SYSTEM","GenericAll","None","00000000-0000-0000-0000-000000000000","00000000-0000-0000-0000-000000000000","None","Allow","False","None","None","","","",""
"DC=_gc._tcp.Default-First-Site-Name._sites,DC=contoso.com,CN=MicrosoftDNS,DC=DomainDnsZones,<ROOT-DN>","","<DOMAINSID>-512","<DOMAIN-NETBIOS>\Domain Admins","GenericAll","None","00000000-0000-0000-0000-000000000000","00000000-0000-0000-0000-000000000000","None","Allow","False","None","None","","","",""
"DC=_kerberos._tcp,DC=contoso.com,CN=MicrosoftDNS,DC=DomainDnsZones,<ROOT-DN>","","S-1-1-0","Everyone","GenericRead","None","00000000-0000-0000-0000-000000000000","00000000-0000-0000-0000-000000000000","None","Allow","False","None","None","","","",""
"DC=_kerberos._tcp,DC=contoso.com,CN=MicrosoftDNS,DC=DomainDnsZones,<ROOT-DN>","","<DOMAINSID>-516","<DOMAIN-NETBIOS>\Domain Controllers","GenericAll","None","00000000-0000-0000-0000-000000000000","00000000-0000-0000-0000-000000000000","None","Allow","False","None","None","","","",""
"DC=_kerberos._tcp,DC=contoso.com,CN=MicrosoftDNS,DC=DomainDnsZones,<ROOT-DN>","","S-1-5-18","NT AUTHORITY\SYSTEM","GenericAll","None","00000000-0000-0000-0000-000000000000","00000000-0000-0000-0000-000000000000","None","Allow","False","None","None","","","",""
"DC=_kerberos._tcp,DC=contoso.com,CN=MicrosoftDNS,DC=DomainDnsZones,<ROOT-DN>","","<DOMAINSID>-512","<DOMAIN-NETBIOS>\Domain Admins","GenericAll","None","00000000-0000-0000-0000-000000000000","00000000-0000-0000-0000-000000000000","None","Allow","False","None","None","","","",""
"DC=_kerberos._tcp.Default-First-Site-Name._sites,DC=contoso.com,CN=MicrosoftDNS,DC=DomainDnsZones,<ROOT-DN>","","S-1-1-0","Everyone","GenericRead","None","00000000-0000-0000-0000-000000000000","00000000-0000-0000-0000-000000000000","None","Allow","False","None","None","","","",""
"DC=_kerberos._tcp.Default-First-Site-Name._sites,DC=contoso.com,CN=MicrosoftDNS,DC=DomainDnsZones,<ROOT-DN>","","<DOMAINSID>-516","<DOMAIN-NETBIOS>\Domain Controllers","GenericAll","None","00000000-0000-0000-0000-000000000000","00000000-0000-0000-0000-000000000000","None","Allow","False","None","None","","","",""
"DC=_kerberos._tcp.Default-First-Site-Name._sites,DC=contoso.com,CN=MicrosoftDNS,DC=DomainDnsZones,<ROOT-DN>","","S-1-5-18","NT AUTHORITY\SYSTEM","GenericAll","None","00000000-0000-0000-0000-000000000000","00000000-0000-0000-0000-000000000000","None","Allow","False","None","None","","","",""
"DC=_kerberos._tcp.Default-First-Site-Name._sites,DC=contoso.com,CN=MicrosoftDNS,DC=DomainDnsZones,<ROOT-DN>","","<DOMAINSID>-512","<DOMAIN-NETBIOS>\Domain Admins","GenericAll","None","00000000-0000-0000-0000-000000000000","00000000-0000-0000-0000-000000000000","None","Allow","False","None","None","","","",""
"DC=_kerberos._udp,DC=contoso.com,CN=MicrosoftDNS,DC=DomainDnsZones,<ROOT-DN>","","S-1-1-0","Everyone","GenericRead","None","00000000-0000-0000-0000-000000000000","00000000-0000-0000-0000-000000000000","None","Allow","False","None","None","","","",""
"DC=_kerberos._udp,DC=contoso.com,CN=MicrosoftDNS,DC=DomainDnsZones,<ROOT-DN>","","<DOMAINSID>-516","<DOMAIN-NETBIOS>\Domain Controllers","GenericAll","None","00000000-0000-0000-0000-000000000000","00000000-0000-0000-0000-000000000000","None","Allow","False","None","None","","","",""
"DC=_kerberos._udp,DC=contoso.com,CN=MicrosoftDNS,DC=DomainDnsZones,<ROOT-DN>","","S-1-5-18","NT AUTHORITY\SYSTEM","GenericAll","None","00000000-0000-0000-0000-000000000000","00000000-0000-0000-0000-000000000000","None","Allow","False","None","None","","","",""
"DC=_kerberos._udp,DC=contoso.com,CN=MicrosoftDNS,DC=DomainDnsZones,<ROOT-DN>","","<DOMAINSID>-512","<DOMAIN-NETBIOS>\Domain Admins","GenericAll","None","00000000-0000-0000-0000-000000000000","00000000-0000-0000-0000-000000000000","None","Allow","False","None","None","","","",""
"DC=_kpasswd._tcp,DC=contoso.com,CN=MicrosoftDNS,DC=DomainDnsZones,<ROOT-DN>","","S-1-1-0","Everyone","GenericRead","None","00000000-0000-0000-0000-000000000000","00000000-0000-0000-0000-000000000000","None","Allow","False","None","None","","","",""
"DC=_kpasswd._tcp,DC=contoso.com,CN=MicrosoftDNS,DC=DomainDnsZones,<ROOT-DN>","","<DOMAINSID>-516","<DOMAIN-NETBIOS>\Domain Controllers","GenericAll","None","00000000-0000-0000-0000-000000000000","00000000-0000-0000-0000-000000000000","None","Allow","False","None","None","","","",""
"DC=_kpasswd._tcp,DC=contoso.com,CN=MicrosoftDNS,DC=DomainDnsZones,<ROOT-DN>","","S-1-5-18","NT AUTHORITY\SYSTEM","GenericAll","None","00000000-0000-0000-0000-000000000000","00000000-0000-0000-0000-000000000000","None","Allow","False","None","None","","","",""
"DC=_kpasswd._tcp,DC=contoso.com,CN=MicrosoftDNS,DC=DomainDnsZones,<ROOT-DN>","","<DOMAINSID>-512","<DOMAIN-NETBIOS>\Domain Admins","GenericAll","None","00000000-0000-0000-0000-000000000000","00000000-0000-0000-0000-000000000000","None","Allow","False","None","None","","","",""
"DC=_kpasswd._udp,DC=contoso.com,CN=MicrosoftDNS,DC=DomainDnsZones,<ROOT-DN>","","S-1-1-0","Everyone","GenericRead","None","00000000-0000-0000-0000-000000000000","00000000-0000-0000-0000-000000000000","None","Allow","False","None","None","","","",""
"DC=_kpasswd._udp,DC=contoso.com,CN=MicrosoftDNS,DC=DomainDnsZones,<ROOT-DN>","","<DOMAINSID>-516","<DOMAIN-NETBIOS>\Domain Controllers","GenericAll","None","00000000-0000-0000-0000-000000000000","00000000-0000-0000-0000-000000000000","None","Allow","False","None","None","","","",""
"DC=_kpasswd._udp,DC=contoso.com,CN=MicrosoftDNS,DC=DomainDnsZones,<ROOT-DN>","","S-1-5-18","NT AUTHORITY\SYSTEM","GenericAll","None","00000000-0000-0000-0000-000000000000","00000000-0000-0000-0000-000000000000","None","Allow","False","None","None","","","",""
"DC=_kpasswd._udp,DC=contoso.com,CN=MicrosoftDNS,DC=DomainDnsZones,<ROOT-DN>","","<DOMAINSID>-512","<DOMAIN-NETBIOS>\Domain Admins","GenericAll","None","00000000-0000-0000-0000-000000000000","00000000-0000-0000-0000-000000000000","None","Allow","False","None","None","","","",""
"DC=_ldap._tcp,DC=contoso.com,CN=MicrosoftDNS,DC=DomainDnsZones,<ROOT-DN>","","S-1-1-0","Everyone","GenericRead","None","00000000-0000-0000-0000-000000000000","00000000-0000-0000-0000-000000000000","None","Allow","False","None","None","","","",""
"DC=_ldap._tcp,DC=contoso.com,CN=MicrosoftDNS,DC=DomainDnsZones,<ROOT-DN>","","<DOMAINSID>-516","<DOMAIN-NETBIOS>\Domain Controllers","GenericAll","None","00000000-0000-0000-0000-000000000000","00000000-0000-0000-0000-000000000000","None","Allow","False","None","None","","","",""
"DC=_ldap._tcp,DC=contoso.com,CN=MicrosoftDNS,DC=DomainDnsZones,<ROOT-DN>","","S-1-5-18","NT AUTHORITY\SYSTEM","GenericAll","None","00000000-0000-0000-0000-000000000000","00000000-0000-0000-0000-000000000000","None","Allow","False","None","None","","","",""
"DC=_ldap._tcp,DC=contoso.com,CN=MicrosoftDNS,DC=DomainDnsZones,<ROOT-DN>","","<DOMAINSID>-512","<DOMAIN-NETBIOS>\Domain Admins","GenericAll","None","00000000-0000-0000-0000-000000000000","00000000-0000-0000-0000-000000000000","None","Allow","False","None","None","","","",""
"DC=_ldap._tcp.Default-First-Site-Name._sites,DC=contoso.com,CN=MicrosoftDNS,DC=DomainDnsZones,<ROOT-DN>","","S-1-1-0","Everyone","GenericRead","None","00000000-0000-0000-0000-000000000000","00000000-0000-0000-0000-000000000000","None","Allow","False","None","None","","","",""
"DC=_ldap._tcp.Default-First-Site-Name._sites,DC=contoso.com,CN=MicrosoftDNS,DC=DomainDnsZones,<ROOT-DN>","","<DOMAINSID>-516","<DOMAIN-NETBIOS>\Domain Controllers","GenericAll","None","00000000-0000-0000-0000-000000000000","00000000-0000-0000-0000-000000000000","None","Allow","False","None","None","","","",""
"DC=_ldap._tcp.Default-First-Site-Name._sites,DC=contoso.com,CN=MicrosoftDNS,DC=DomainDnsZones,<ROOT-DN>","","S-1-5-18","NT AUTHORITY\SYSTEM","GenericAll","None","00000000-0000-0000-0000-000000000000","00000000-0000-0000-0000-000000000000","None","Allow","False","None","None","","","",""
"DC=_ldap._tcp.Default-First-Site-Name._sites,DC=contoso.com,CN=MicrosoftDNS,DC=DomainDnsZones,<ROOT-DN>","","<DOMAINSID>-512","<DOMAIN-NETBIOS>\Domain Admins","GenericAll","None","00000000-0000-0000-0000-000000000000","00000000-0000-0000-0000-000000000000","None","Allow","False","None","None","","","",""
"DC=_ldap._tcp.Default-First-Site-Name._sites.DomainDnsZones,DC=contoso.com,CN=MicrosoftDNS,DC=DomainDnsZones,<ROOT-DN>","","S-1-1-0","Everyone","GenericRead","None","00000000-0000-0000-0000-000000000000","00000000-0000-0000-0000-000000000000","None","Allow","False","None","None","","","",""
"DC=_ldap._tcp.Default-First-Site-Name._sites.DomainDnsZones,DC=contoso.com,CN=MicrosoftDNS,DC=DomainDnsZones,<ROOT-DN>","","<DOMAINSID>-516","<DOMAIN-NETBIOS>\Domain Controllers","GenericAll","None","00000000-0000-0000-0000-000000000000","00000000-0000-0000-0000-000000000000","None","Allow","False","None","None","","","",""
"DC=_ldap._tcp.Default-First-Site-Name._sites.DomainDnsZones,DC=contoso.com,CN=MicrosoftDNS,DC=DomainDnsZones,<ROOT-DN>","","S-1-5-18","NT AUTHORITY\SYSTEM","GenericAll","None","00000000-0000-0000-0000-000000000000","00000000-0000-0000-0000-000000000000","None","Allow","False","None","None","","","",""
"DC=_ldap._tcp.Default-First-Site-Name._sites.DomainDnsZones,DC=contoso.com,CN=MicrosoftDNS,DC=DomainDnsZones,<ROOT-DN>","","<DOMAINSID>-512","<DOMAIN-NETBIOS>\Domain Admins","GenericAll","None","00000000-0000-0000-0000-000000000000","00000000-0000-0000-0000-000000000000","None","Allow","False","None","None","","","",""
"DC=_ldap._tcp.Default-First-Site-Name._sites.ForestDnsZones,DC=contoso.com,CN=MicrosoftDNS,DC=DomainDnsZones,<ROOT-DN>","","S-1-1-0","Everyone","GenericRead","None","00000000-0000-0000-0000-000000000000","00000000-0000-0000-0000-000000000000","None","Allow","False","None","None","","","",""
"DC=_ldap._tcp.Default-First-Site-Name._sites.ForestDnsZones,DC=contoso.com,CN=MicrosoftDNS,DC=DomainDnsZones,<ROOT-DN>","","<DOMAINSID>-516","<DOMAIN-NETBIOS>\Domain Controllers","GenericAll","None","00000000-0000-0000-0000-000000000000","00000000-0000-0000-0000-000000000000","None","Allow","False","None","None","","","",""
"DC=_ldap._tcp.Default-First-Site-Name._sites.ForestDnsZones,DC=contoso.com,CN=MicrosoftDNS,DC=DomainDnsZones,<ROOT-DN>","","S-1-5-18","NT AUTHORITY\SYSTEM","GenericAll","None","00000000-0000-0000-0000-000000000000","00000000-0000-0000-0000-000000000000","None","Allow","False","None","None","","","",""
"DC=_ldap._tcp.Default-First-Site-Name._sites.ForestDnsZones,DC=contoso.com,CN=MicrosoftDNS,DC=DomainDnsZones,<ROOT-DN>","","<DOMAINSID>-512","<DOMAIN-NETBIOS>\Domain Admins","GenericAll","None","00000000-0000-0000-0000-000000000000","00000000-0000-0000-0000-000000000000","None","Allow","False","None","None","","","",""
"DC=_ldap._tcp.DomainDnsZones,DC=contoso.com,CN=MicrosoftDNS,DC=DomainDnsZones,<ROOT-DN>","","S-1-1-0","Everyone","GenericRead","None","00000000-0000-0000-0000-000000000000","00000000-0000-0000-0000-000000000000","None","Allow","False","None","None","","","",""
"DC=_ldap._tcp.DomainDnsZones,DC=contoso.com,CN=MicrosoftDNS,DC=DomainDnsZones,<ROOT-DN>","","<DOMAINSID>-516","<DOMAIN-NETBIOS>\Domain Controllers","GenericAll","None","00000000-0000-0000-0000-000000000000","00000000-0000-0000-0000-000000000000","None","Allow","False","None","None","","","",""
"DC=_ldap._tcp.DomainDnsZones,DC=contoso.com,CN=MicrosoftDNS,DC=DomainDnsZones,<ROOT-DN>","","S-1-5-18","NT AUTHORITY\SYSTEM","GenericAll","None","00000000-0000-0000-0000-000000000000","00000000-0000-0000-0000-000000000000","None","Allow","False","None","None","","","",""
"DC=_ldap._tcp.DomainDnsZones,DC=contoso.com,CN=MicrosoftDNS,DC=DomainDnsZones,<ROOT-DN>","","<DOMAINSID>-512","<DOMAIN-NETBIOS>\Domain Admins","GenericAll","None","00000000-0000-0000-0000-000000000000","00000000-0000-0000-0000-000000000000","None","Allow","False","None","None","","","",""
"DC=_ldap._tcp.ForestDnsZones,DC=contoso.com,CN=MicrosoftDNS,DC=DomainDnsZones,<ROOT-DN>","","S-1-1-0","Everyone","GenericRead","None","00000000-0000-0000-0000-000000000000","00000000-0000-0000-0000-000000000000","None","Allow","False","None","None","","","",""
"DC=_ldap._tcp.ForestDnsZones,DC=contoso.com,CN=MicrosoftDNS,DC=DomainDnsZones,<ROOT-DN>","","<DOMAINSID>-516","<DOMAIN-NETBIOS>\Domain Controllers","GenericAll","None","00000000-0000-0000-0000-000000000000","00000000-0000-0000-0000-000000000000","None","Allow","False","None","None","","","",""
"DC=_ldap._tcp.ForestDnsZones,DC=contoso.com,CN=MicrosoftDNS,DC=DomainDnsZones,<ROOT-DN>","","S-1-5-18","NT AUTHORITY\SYSTEM","GenericAll","None","00000000-0000-0000-0000-000000000000","00000000-0000-0000-0000-000000000000","None","Allow","False","None","None","","","",""
"DC=_ldap._tcp.ForestDnsZones,DC=contoso.com,CN=MicrosoftDNS,DC=DomainDnsZones,<ROOT-DN>","","<DOMAINSID>-512","<DOMAIN-NETBIOS>\Domain Admins","GenericAll","None","00000000-0000-0000-0000-000000000000","00000000-0000-0000-0000-000000000000","None","Allow","False","None","None","","","",""
"DC=_msdcs,DC=contoso.com,CN=MicrosoftDNS,DC=DomainDnsZones,<ROOT-DN>","","S-1-1-0","Everyone","GenericRead","None","00000000-0000-0000-0000-000000000000","00000000-0000-0000-0000-000000000000","None","Allow","False","None","None","","","",""
"DC=_msdcs,DC=contoso.com,CN=MicrosoftDNS,DC=DomainDnsZones,<ROOT-DN>","","<DOMAINSID>-516","<DOMAIN-NETBIOS>\Domain Controllers","GenericAll","None","00000000-0000-0000-0000-000000000000","00000000-0000-0000-0000-000000000000","None","Allow","False","None","None","","","",""
"DC=_msdcs,DC=contoso.com,CN=MicrosoftDNS,DC=DomainDnsZones,<ROOT-DN>","","S-1-5-18","NT AUTHORITY\SYSTEM","GenericAll","None","00000000-0000-0000-0000-000000000000","00000000-0000-0000-0000-000000000000","None","Allow","False","None","None","","","",""
"DC=_msdcs,DC=contoso.com,CN=MicrosoftDNS,DC=DomainDnsZones,<ROOT-DN>","","<DOMAINSID>-512","<DOMAIN-NETBIOS>\Domain Admins","GenericAll","None","00000000-0000-0000-0000-000000000000","00000000-0000-0000-0000-000000000000","None","Allow","False","None","None","","","",""
"DC=dc1,DC=contoso.com,CN=MicrosoftDNS,DC=DomainDnsZones,<ROOT-DN>","","S-1-1-0","Everyone","GenericRead","None","00000000-0000-0000-0000-000000000000","00000000-0000-0000-0000-000000000000","None","Allow","False","None","None","","","",""
"DC=dc1,DC=contoso.com,CN=MicrosoftDNS,DC=DomainDnsZones,<ROOT-DN>","","<DOMAINSID>-516","<DOMAIN-NETBIOS>\Domain Controllers","GenericAll","None","00000000-0000-0000-0000-000000000000","00000000-0000-0000-0000-000000000000","None","Allow","False","None","None","","","",""
"DC=dc1,DC=contoso.com,CN=MicrosoftDNS,DC=DomainDnsZones,<ROOT-DN>","","S-1-5-18","NT AUTHORITY\SYSTEM","GenericAll","None","00000000-0000-0000-0000-000000000000","00000000-0000-0000-0000-000000000000","None","Allow","False","None","None","","","",""
"DC=dc1,DC=contoso.com,CN=MicrosoftDNS,DC=DomainDnsZones,<ROOT-DN>","","<DOMAINSID>-512","<DOMAIN-NETBIOS>\Domain Admins","GenericAll","None","00000000-0000-0000-0000-000000000000","00000000-0000-0000-0000-000000000000","None","Allow","False","None","None","","","",""
"DC=DomainDnsZones,DC=contoso.com,CN=MicrosoftDNS,DC=DomainDnsZones,<ROOT-DN>","","S-1-1-0","Everyone","GenericRead","None","00000000-0000-0000-0000-000000000000","00000000-0000-0000-0000-000000000000","None","Allow","False","None","None","","","",""
"DC=DomainDnsZones,DC=contoso.com,CN=MicrosoftDNS,DC=DomainDnsZones,<ROOT-DN>","","<DOMAINSID>-516","<DOMAIN-NETBIOS>\Domain Controllers","GenericAll","None","00000000-0000-0000-0000-000000000000","00000000-0000-0000-0000-000000000000","None","Allow","False","None","None","","","",""
"DC=DomainDnsZones,DC=contoso.com,CN=MicrosoftDNS,DC=DomainDnsZones,<ROOT-DN>","","S-1-5-18","NT AUTHORITY\SYSTEM","GenericAll","None","00000000-0000-0000-0000-000000000000","00000000-0000-0000-0000-000000000000","None","Allow","False","None","None","","","",""
"DC=DomainDnsZones,DC=contoso.com,CN=MicrosoftDNS,DC=DomainDnsZones,<ROOT-DN>","","<DOMAINSID>-512","<DOMAIN-NETBIOS>\Domain Admins","GenericAll","None","00000000-0000-0000-0000-000000000000","00000000-0000-0000-0000-000000000000","None","Allow","False","None","None","","","",""
"DC=ForestDnsZones,DC=contoso.com,CN=MicrosoftDNS,DC=DomainDnsZones,<ROOT-DN>","","S-1-1-0","Everyone","GenericRead","None","00000000-0000-0000-0000-000000000000","00000000-0000-0000-0000-000000000000","None","Allow","False","None","None","","","",""
"DC=ForestDnsZones,DC=contoso.com,CN=MicrosoftDNS,DC=DomainDnsZones,<ROOT-DN>","","<DOMAINSID>-516","<DOMAIN-NETBIOS>\Domain Controllers","GenericAll","None","00000000-0000-0000-0000-000000000000","00000000-0000-0000-0000-000000000000","None","Allow","False","None","None","","","",""
"DC=ForestDnsZones,DC=contoso.com,CN=MicrosoftDNS,DC=DomainDnsZones,<ROOT-DN>","","S-1-5-18","NT AUTHORITY\SYSTEM","GenericAll","None","00000000-0000-0000-0000-000000000000","00000000-0000-0000-0000-000000000000","None","Allow","False","None","None","","","",""
"DC=ForestDnsZones,DC=contoso.com,CN=MicrosoftDNS,DC=DomainDnsZones,<ROOT-DN>","","<DOMAINSID>-512","<DOMAIN-NETBIOS>\Domain Admins","GenericAll","None","00000000-0000-0000-0000-000000000000","00000000-0000-0000-0000-000000000000","None","Allow","False","None","None","","","",""
"DC=MBRSRV2,DC=contoso.com,CN=MicrosoftDNS,DC=DomainDnsZones,<ROOT-DN>","","S-1-1-0","Everyone","GenericRead","None","00000000-0000-0000-0000-000000000000","00000000-0000-0000-0000-000000000000","None","Allow","False","None","None","","","",""
"DC=MBRSRV2,DC=contoso.com,CN=MicrosoftDNS,DC=DomainDnsZones,<ROOT-DN>","","<DOMAINSID>-516","<DOMAIN-NETBIOS>\Domain Controllers","GenericAll","None","00000000-0000-0000-0000-000000000000","00000000-0000-0000-0000-000000000000","None","Allow","False","None","None","","","",""
"DC=MBRSRV2,DC=contoso.com,CN=MicrosoftDNS,DC=DomainDnsZones,<ROOT-DN>","","S-1-5-18","NT AUTHORITY\SYSTEM","GenericAll","None","00000000-0000-0000-0000-000000000000","00000000-0000-0000-0000-000000000000","None","Allow","False","None","None","","","",""
"DC=MBRSRV2,DC=contoso.com,CN=MicrosoftDNS,DC=DomainDnsZones,<ROOT-DN>","","<DOMAINSID>-512","<DOMAIN-NETBIOS>\Domain Admins","GenericAll","None","00000000-0000-0000-0000-000000000000","00000000-0000-0000-0000-000000000000","None","Allow","False","None","None","","","",""
"DC=MBRSRV2,DC=contoso.com,CN=MicrosoftDNS,DC=DomainDnsZones,<ROOT-DN>",,"<ROOT-NETBIOS>\MBRSRV2$",,"GenericAll","None","00000000-0000-0000-0000-000000000000","00000000-0000-0000-0000-000000000000","None","Allow","False","None","None","","","",""
"CN=NTDS Quotas,DC=DomainDnsZones,<ROOT-DN>","","S-1-5-32-544","BUILTIN\Administrators","GenericRead","None","00000000-0000-0000-0000-000000000000","00000000-0000-0000-0000-000000000000","None","Allow","False","None","None","","","",""
"CN=NTDS Quotas,DC=DomainDnsZones,<ROOT-DN>","","<DOMAINSID>-512","<DOMAIN-NETBIOS>\Domain Admins","GenericAll","None","00000000-0000-0000-0000-000000000000","00000000-0000-0000-0000-000000000000","None","Allow","False","None","None","","","",""
"CN=NTDS Quotas,DC=DomainDnsZones,<ROOT-DN>","","S-1-1-0","Everyone","ExtendedRight","None","4ecc03fe-ffc0-4947-b630-eb672a8a9dbc","00000000-0000-0000-0000-000000000000","ObjectAceTypePresent","Allow","False","None","None","","","",""
