"OU","ObjectClass","IdentityReference","PrincipalName","ActiveDirectoryRights","InheritanceType","ObjectType","InheritedObjectType","ObjectFlags","AccessControlType","IsInherited","InheritanceFlags","PropagationFlags","SDDate","InvocationID","OrgUSN","LegendText"
"<ROOT-DN>","","S-1-5-32-544","BUILTIN\Administrators","Read permissions, Modify permissions","None","None","None","None","Owner","False","None","None","","","",""
"<ROOT-DN>","","S-1-1-0","Everyone","ReadProperty","None","00000000-0000-0000-0000-000000000000","00000000-0000-0000-0000-000000000000","None","Allow","False","None","None","","","",""
"<ROOT-DN>","","S-1-5-11","NT AUTHORITY\Authenticated Users","GenericRead","None","00000000-0000-0000-0000-000000000000","00000000-0000-0000-0000-000000000000","None","Allow","False","None","None","","","",""
"<ROOT-DN>","","S-1-5-18","NT AUTHORITY\SYSTEM","GenericAll","None","00000000-0000-0000-0000-000000000000","00000000-0000-0000-0000-000000000000","None","Allow","False","None","None","","","",""
"<ROOT-DN>","","S-1-5-32-544","BUILTIN\Administrators","CreateChild, Self, WriteProperty, ExtendedRight, Delete, GenericRead, WriteDacl, WriteOwner","All","00000000-0000-0000-0000-000000000000","00000000-0000-0000-0000-000000000000","None","Allow","False","ContainerInherit","None","","","",""
"<ROOT-DN>",,"S-1-5-32-554",,"ListChildren","All","00000000-0000-0000-0000-000000000000","00000000-0000-0000-0000-000000000000","None","Allow","False","ContainerInherit","None","","","",""
"<ROOT-DN>",,"S-1-5-32-554",,"ReadControl","None","00000000-0000-0000-0000-000000000000","00000000-0000-0000-0000-000000000000","None","Allow","False","None","None","","","",""
"<ROOT-DN>","","<DOMAINSID>-512","<DOMAIN-NETBIOS>\Domain Admins","CreateChild, Self, WriteProperty, ExtendedRight, GenericRead, WriteDacl, WriteOwner","None","00000000-0000-0000-0000-000000000000","00000000-0000-0000-0000-000000000000","None","Allow","False","None","None","","","",""
"<ROOT-DN>","","<ROOTDOMAINSID>-519","<ROOT-NETBIOS>\Enterprise Admins","GenericAll","All","00000000-0000-0000-0000-000000000000","00000000-0000-0000-0000-000000000000","None","Allow","False","ContainerInherit","None","","","",""
"<ROOT-DN>","","<DOMAINSID>-516","<DOMAIN-NETBIOS>\Domain Controllers","ExtendedRight","None","1131f6ac-9c07-11d1-f79f-00c04fc2dcd2","00000000-0000-0000-0000-000000000000","ObjectAceTypePresent","Allow","False","None","None","","","",""
"<ROOT-DN>","","<DOMAINSID>-516","<DOMAIN-NETBIOS>\Domain Controllers","ExtendedRight","None","1131f6ab-9c07-11d1-f79f-00c04fc2dcd2","00000000-0000-0000-0000-000000000000","ObjectAceTypePresent","Allow","False","None","None","","","",""
"<ROOT-DN>","","<DOMAINSID>-516","<DOMAIN-NETBIOS>\Domain Controllers","ExtendedRight","None","1131f6aa-9c07-11d1-f79f-00c04fc2dcd2","00000000-0000-0000-0000-000000000000","ObjectAceTypePresent","Allow","False","None","None","","","",""
"<ROOT-DN>","","S-1-5-32-544","BUILTIN\Administrators","ExtendedRight","None","1131f6ac-9c07-11d1-f79f-00c04fc2dcd2","00000000-0000-0000-0000-000000000000","ObjectAceTypePresent","Allow","False","None","None","","","",""
"<ROOT-DN>","","S-1-5-32-544","BUILTIN\Administrators","ExtendedRight","None","1131f6ab-9c07-11d1-f79f-00c04fc2dcd2","00000000-0000-0000-0000-000000000000","ObjectAceTypePresent","Allow","False","None","None","","","",""
"<ROOT-DN>","","S-1-5-32-544","BUILTIN\Administrators","ExtendedRight","None","1131f6aa-9c07-11d1-f79f-00c04fc2dcd2","00000000-0000-0000-0000-000000000000","ObjectAceTypePresent","Allow","False","None","None","","","",""
"<ROOT-DN>",,"S-1-5-32-554",,"ReadProperty","Descendents","59ba2f42-79a2-11d0-9020-00c04fc2d3cf","bf967aba-0de6-11d0-a285-00aa003049e2","ObjectAceTypePresent, InheritedObjectAceTypePresent","Allow","False","ContainerInherit","InheritOnly","","","",""
"<ROOT-DN>",,"S-1-5-32-554",,"ReadProperty","Descendents","bc0ac240-79a9-11d0-9020-00c04fc2d4cf","bf967aba-0de6-11d0-a285-00aa003049e2","ObjectAceTypePresent, InheritedObjectAceTypePresent","Allow","False","ContainerInherit","InheritOnly","","","",""
"<ROOT-DN>",,"S-1-5-32-554",,"ReadProperty","Descendents","4c164200-20c0-11d0-a768-00aa006e0529","bf967aba-0de6-11d0-a285-00aa003049e2","ObjectAceTypePresent, InheritedObjectAceTypePresent","Allow","False","ContainerInherit","InheritOnly","","","",""
"<ROOT-DN>",,"S-1-5-32-554",,"ReadProperty","Descendents","5f202010-79a5-11d0-9020-00c04fc2d4cf","bf967aba-0de6-11d0-a285-00aa003049e2","ObjectAceTypePresent, InheritedObjectAceTypePresent","Allow","False","ContainerInherit","InheritOnly","","","",""
"<ROOT-DN>",,"S-1-5-32-554",,"GenericRead","Descendents","00000000-0000-0000-0000-000000000000","bf967a9c-0de6-11d0-a285-00aa003049e2","InheritedObjectAceTypePresent","Allow","False","ContainerInherit","InheritOnly","","","",""
"<ROOT-DN>",,"S-1-5-32-554",,"ReadProperty","Descendents","037088f8-0ae1-11d2-b422-00a0c968f939","bf967aba-0de6-11d0-a285-00aa003049e2","ObjectAceTypePresent, InheritedObjectAceTypePresent","Allow","False","ContainerInherit","InheritOnly","","","",""
"<ROOT-DN>",,"S-1-5-32-554",,"GenericRead","Descendents","00000000-0000-0000-0000-000000000000","bf967aba-0de6-11d0-a285-00aa003049e2","InheritedObjectAceTypePresent","Allow","False","ContainerInherit","InheritOnly","","","",""
"CN=AdminSDHolder,CN=System,<ROOT-DN>","","<DOMAINSID>-512","<DOMAIN-NETBIOS>\Domain Admins","Read permissions, Modify permissions","None","None","None","None","Owner","False","None","None","","","",""
"CN=AdminSDHolder,CN=System,<ROOT-DN>","","S-1-5-11","NT AUTHORITY\Authenticated Users","GenericRead","None","00000000-0000-0000-0000-000000000000","00000000-0000-0000-0000-000000000000","None","Allow","False","None","None","","","",""
"CN=AdminSDHolder,CN=System,<ROOT-DN>","","S-1-5-18","NT AUTHORITY\SYSTEM","GenericAll","None","00000000-0000-0000-0000-000000000000","00000000-0000-0000-0000-000000000000","None","Allow","False","None","None","","","",""
"CN=AdminSDHolder,CN=System,<ROOT-DN>","","S-1-5-32-544","BUILTIN\Administrators","CreateChild, DeleteChild, Self, WriteProperty, ExtendedRight, Delete, GenericRead, WriteDacl, WriteOwner","None","00000000-0000-0000-0000-000000000000","00000000-0000-0000-0000-000000000000","None","Allow","False","None","None","","","",""
"CN=AdminSDHolder,CN=System,<ROOT-DN>","","<DOMAINSID>-512","<DOMAIN-NETBIOS>\Domain Admins","CreateChild, DeleteChild, Self, WriteProperty, ExtendedRight, GenericRead, WriteDacl, WriteOwner","None","00000000-0000-0000-0000-000000000000","00000000-0000-0000-0000-000000000000","None","Allow","False","None","None","","","",""
"CN=AdminSDHolder,CN=System,<ROOT-DN>","","<ROOTDOMAINSID>-519","<ROOT-NETBIOS>\Enterprise Admins","CreateChild, DeleteChild, Self, WriteProperty, ExtendedRight, GenericRead, WriteDacl, WriteOwner","None","00000000-0000-0000-0000-000000000000","00000000-0000-0000-0000-000000000000","None","Allow","False","None","None","","","",""
"CN=AdminSDHolder,CN=System,<ROOT-DN>","","S-1-1-0","Everyone","ExtendedRight","None","ab721a53-1e2f-11d0-9819-00aa0040529b","00000000-0000-0000-0000-000000000000","ObjectAceTypePresent","Allow","False","None","None","","","",""
"CN=AdminSDHolder,CN=System,<ROOT-DN>",,"S-1-5-32-554",,"ReadProperty","None","59ba2f42-79a2-11d0-9020-00c04fc2d3cf","00000000-0000-0000-0000-000000000000","ObjectAceTypePresent","Allow","False","None","None","","","",""
"CN=AdminSDHolder,CN=System,<ROOT-DN>",,"S-1-5-32-554",,"ReadProperty","None","bc0ac240-79a9-11d0-9020-00c04fc2d4cf","00000000-0000-0000-0000-000000000000","ObjectAceTypePresent","Allow","False","None","None","","","",""
"CN=AdminSDHolder,CN=System,<ROOT-DN>",,"S-1-5-32-554",,"ReadProperty","None","4c164200-20c0-11d0-a768-00aa006e0529","00000000-0000-0000-0000-000000000000","ObjectAceTypePresent","Allow","False","None","None","","","",""
"CN=AdminSDHolder,CN=System,<ROOT-DN>",,"S-1-5-32-554",,"ReadProperty","None","5f202010-79a5-11d0-9020-00c04fc2d4cf","00000000-0000-0000-0000-000000000000","ObjectAceTypePresent","Allow","False","None","None","","","",""
"CN=AdminSDHolder,CN=System,<ROOT-DN>",,"S-1-5-32-554",,"GenericRead","None","00000000-0000-0000-0000-000000000000","00000000-0000-0000-0000-000000000000","None","Allow","False","None","None","","","",""
"CN=Configuration,<ROOT-DN>","","<ROOTDOMAINSID>-519","<ROOT-NETBIOS>\Enterprise Admins","Read permissions, Modify permissions","None","None","None","None","Owner","False","None","None","","","",""
"CN=Configuration,<ROOT-DN>","","S-1-5-11","NT AUTHORITY\Authenticated Users","GenericRead","None","00000000-0000-0000-0000-000000000000","00000000-0000-0000-0000-000000000000","None","Allow","False","None","None","","","",""
"CN=Configuration,<ROOT-DN>","","S-1-5-18","NT AUTHORITY\SYSTEM","GenericAll","None","00000000-0000-0000-0000-000000000000","00000000-0000-0000-0000-000000000000","None","Allow","False","None","None","","","",""
"CN=Configuration,<ROOT-DN>","","<DOMAINSID>-512","<DOMAIN-NETBIOS>\Domain Admins","CreateChild, Self, WriteProperty, ExtendedRight, Delete, GenericRead, WriteDacl, WriteOwner","Descendents","00000000-0000-0000-0000-000000000000","00000000-0000-0000-0000-000000000000","None","Allow","False","ContainerInherit","InheritOnly","","","",""
"CN=Configuration,<ROOT-DN>","","<ROOTDOMAINSID>-519","<ROOT-NETBIOS>\Enterprise Admins","GenericAll","All","00000000-0000-0000-0000-000000000000","00000000-0000-0000-0000-000000000000","None","Allow","False","ContainerInherit","None","","","",""
"CN=Configuration,<ROOT-DN>","","<DOMAINSID>-516","<DOMAIN-NETBIOS>\Domain Controllers","ExtendedRight","None","1131f6ac-9c07-11d1-f79f-00c04fc2dcd2","00000000-0000-0000-0000-000000000000","ObjectAceTypePresent","Allow","False","None","None","","","",""
"CN=Configuration,<ROOT-DN>","","<DOMAINSID>-516","<DOMAIN-NETBIOS>\Domain Controllers","ExtendedRight","None","1131f6ab-9c07-11d1-f79f-00c04fc2dcd2","00000000-0000-0000-0000-000000000000","ObjectAceTypePresent","Allow","False","None","None","","","",""
"CN=Configuration,<ROOT-DN>","","<DOMAINSID>-516","<DOMAIN-NETBIOS>\Domain Controllers","ExtendedRight","None","1131f6aa-9c07-11d1-f79f-00c04fc2dcd2","00000000-0000-0000-0000-000000000000","ObjectAceTypePresent","Allow","False","None","None","","","",""
"CN=Configuration,<ROOT-DN>","","S-1-5-32-544","BUILTIN\Administrators","ExtendedRight","None","1131f6ac-9c07-11d1-f79f-00c04fc2dcd2","00000000-0000-0000-0000-000000000000","ObjectAceTypePresent","Allow","False","None","None","","","",""
"CN=Configuration,<ROOT-DN>","","S-1-5-32-544","BUILTIN\Administrators","ExtendedRight","None","1131f6ab-9c07-11d1-f79f-00c04fc2dcd2","00000000-0000-0000-0000-000000000000","ObjectAceTypePresent","Allow","False","None","None","","","",""
"CN=Configuration,<ROOT-DN>","","S-1-5-32-544","BUILTIN\Administrators","ExtendedRight","None","1131f6aa-9c07-11d1-f79f-00c04fc2dcd2","00000000-0000-0000-0000-000000000000","ObjectAceTypePresent","Allow","False","None","None","","","",""
"CN=Schema,CN=Configuration,<ROOT-DN>",,"<ROOT-NETBIOS>\Schema Admins",,"Read permissions, Modify permissions","None","None","None","None","Owner","False","None","None","","","",""
"CN=Schema,CN=Configuration,<ROOT-DN>","","S-1-5-11","NT AUTHORITY\Authenticated Users","GenericRead","All","00000000-0000-0000-0000-000000000000","00000000-0000-0000-0000-000000000000","None","Allow","False","ContainerInherit","None","","","",""
"CN=Schema,CN=Configuration,<ROOT-DN>","","S-1-5-18","NT AUTHORITY\SYSTEM","GenericAll","All","00000000-0000-0000-0000-000000000000","00000000-0000-0000-0000-000000000000","None","Allow","False","ContainerInherit","None","","","",""
"CN=Schema,CN=Configuration,<ROOT-DN>",,"<ROOT-NETBIOS>\Schema Admins",,"CreateChild, Self, WriteProperty, ExtendedRight, GenericRead, WriteDacl, WriteOwner","All","00000000-0000-0000-0000-000000000000","00000000-0000-0000-0000-000000000000","None","Allow","False","ContainerInherit","None","","","",""
"CN=Schema,CN=Configuration,<ROOT-DN>","","<DOMAINSID>-516","<DOMAIN-NETBIOS>\Domain Controllers","ExtendedRight","None","1131f6ac-9c07-11d1-f79f-00c04fc2dcd2","00000000-0000-0000-0000-000000000000","ObjectAceTypePresent","Allow","False","None","None","","","",""
"CN=Schema,CN=Configuration,<ROOT-DN>","","<DOMAINSID>-516","<DOMAIN-NETBIOS>\Domain Controllers","ExtendedRight","None","1131f6ab-9c07-11d1-f79f-00c04fc2dcd2","00000000-0000-0000-0000-000000000000","ObjectAceTypePresent","Allow","False","None","None","","","",""
"CN=Schema,CN=Configuration,<ROOT-DN>","","<DOMAINSID>-516","<DOMAIN-NETBIOS>\Domain Controllers","ExtendedRight","None","1131f6aa-9c07-11d1-f79f-00c04fc2dcd2","00000000-0000-0000-0000-000000000000","ObjectAceTypePresent","Allow","False","None","None","","","",""
"CN=Schema,CN=Configuration,<ROOT-DN>","","S-1-5-32-544","BUILTIN\Administrators","ExtendedRight","None","1131f6ac-9c07-11d1-f79f-00c04fc2dcd2","00000000-0000-0000-0000-000000000000","ObjectAceTypePresent","Allow","False","None","None","","","",""
"CN=Schema,CN=Configuration,<ROOT-DN>","","S-1-5-32-544","BUILTIN\Administrators","ExtendedRight","None","1131f6ab-9c07-11d1-f79f-00c04fc2dcd2","00000000-0000-0000-0000-000000000000","ObjectAceTypePresent","Allow","False","None","None","","","",""
"CN=Schema,CN=Configuration,<ROOT-DN>","","S-1-5-32-544","BUILTIN\Administrators","ExtendedRight","None","1131f6aa-9c07-11d1-f79f-00c04fc2dcd2","00000000-0000-0000-0000-000000000000","ObjectAceTypePresent","Allow","False","None","None","","","",""
"CN=Schema,CN=Configuration,<ROOT-DN>",,"<ROOT-NETBIOS>\Schema Admins",,"ExtendedRight","None","e12b56b6-0a95-11d1-adbb-00c04fd8d5cd","00000000-0000-0000-0000-000000000000","ObjectAceTypePresent","Allow","False","None","None","","","",""
